Age,Gender,Height,Weight,family_history_with_overweight,FAVC,FCVC,NCP,CAEC,SMOKE,CH2O,SCC,FAF,TUE,CALC,MTRANS,NObeyesdad
56,Male,1.7825551752709083,64.02449725992297,yes,yes,1.4936477384038045,4,Sometimes,no,1.1387881718083668,no,2,2,Frequently,Public_Transportation,Normal_Weight
46,Male,1.5367915643769923,90.64282594594016,yes,no,2.481808112304143,1,no,no,1.1797537034723213,yes,0,1,Sometimes,Motorbike,Obesity_Type_II
32,Male,1.8931103808480496,95.39989446154476,yes,yes,1.6325402994586136,4,Frequently,no,2.2018240113181724,yes,3,0,Frequently,Automobile,Overweight_Level_I
60,Male,1.914392580239316,94.30732766621395,no,yes,1.203784776132027,3,Frequently,yes,1.6819171428711166,no,0,1,Always,Bike,Overweight_Level_I
25,Male,1.5274850819346888,52.77638117880916,no,yes,1.7204678376008558,1,Sometimes,no,2.8345361331553613,no,3,1,Frequently,Motorbike,Normal_Weight
38,Female,1.6245949416662417,119.58417332358233,no,yes,1.540786572769051,1,Frequently,no,1.8131810747189445,no,1,0,no,Automobile,Obesity_Type_III
56,Male,1.8627905759068777,67.57600362004001,yes,yes,2.68542380432111,3,Sometimes,no,1.2865629174052822,no,2,2,Sometimes,Bike,Normal_Weight
36,Male,1.8367168606726463,56.00876830903836,no,no,1.6266958351702863,3,no,yes,2.429437667004072,no,1,1,Frequently,Motorbike,Insufficient_Weight
40,Male,1.5830344587103697,120.54358678886307,yes,no,2.5778649435520142,4,no,no,1.5867068428820197,no,0,0,no,Motorbike,Obesity_Type_III
28,Female,1.5942071955015196,126.23037734952904,yes,yes,2.7837442896214695,4,Sometimes,no,2.050940614711786,no,1,1,Frequently,Bike,Obesity_Type_III
28,Female,1.6667124462561218,118.2808474675633,yes,no,1.867634839153059,3,no,no,2.39566557101034,yes,2,2,Sometimes,Motorbike,Obesity_Type_III
41,Male,1.7180353433359596,113.80886635161464,no,yes,2.8198862877087842,4,Always,no,2.800528222404141,no,1,2,Frequently,Walking,Obesity_Type_II
53,Female,1.778214647188633,100.69556835431685,yes,no,1.7546361079263857,3,Always,no,2.584382389603352,no,2,2,Always,Bike,Obesity_Type_I
57,Male,1.6660111378063975,91.82287650177685,no,yes,2.9281568329802163,1,no,no,2.352722135745448,no,2,0,Frequently,Motorbike,Obesity_Type_I
41,Male,1.7081406222599165,52.393874592469864,yes,yes,1.1785790490511459,1,Sometimes,yes,2.359266364790287,no,1,0,no,Automobile,Insufficient_Weight
20,Female,1.8363619221601903,79.71852311100939,yes,yes,2.3740385330064857,2,Sometimes,no,2.891849288064173,no,3,2,Frequently,Automobile,Normal_Weight
39,Male,1.516507441300769,76.67852394604668,yes,no,1.9876280809138573,1,no,no,1.591648194993072,no,0,0,no,Walking,Obesity_Type_I
19,Female,1.6135966249548093,67.07907161962773,yes,yes,1.7752976109112941,3,Frequently,no,1.0022241883923748,no,3,2,Sometimes,Bike,Overweight_Level_I
41,Female,1.8210073136480487,106.49070966352971,no,yes,2.265423757497202,4,Always,no,1.5439091187963974,yes,3,0,Frequently,Motorbike,Obesity_Type_I
61,Male,1.9028430769592397,87.14943748169551,yes,yes,2.4077141832686624,2,Frequently,yes,1.435782759253488,no,1,2,Sometimes,Motorbike,Normal_Weight
47,Male,1.7302548489520497,51.888928352150074,no,yes,1.0087265393006182,4,Sometimes,no,2.3236691702279964,no,0,1,Sometimes,Automobile,Insufficient_Weight
55,Female,1.739451068369392,63.71557216573396,no,yes,1.3339061774943974,3,Sometimes,no,2.2674231995310583,no,0,2,Frequently,Walking,Normal_Weight
19,Male,1.5482274051028992,103.07699491106565,no,no,2.4260921012686376,1,Frequently,yes,2.186922765409448,yes,3,2,no,Automobile,Obesity_Type_III
38,Male,1.7013355650705546,51.471123056675516,yes,no,2.3327708271564127,2,no,no,1.0324868864189074,no,1,0,Sometimes,Automobile,Insufficient_Weight
50,Male,1.7396777699047603,117.35258769414534,yes,yes,2.9320950102573544,3,Frequently,no,2.457556108901295,no,0,0,Sometimes,Walking,Obesity_Type_II
29,Female,1.6091117266356283,87.08745479618781,yes,no,2.522075580501566,2,Frequently,yes,1.647060824970983,no,3,0,Frequently,Bike,Obesity_Type_I
39,Female,1.6211594539272214,85.84985907276507,no,yes,2.9015454154626763,2,Always,no,2.330111978013262,no,0,0,Frequently,Motorbike,Obesity_Type_I
61,Male,1.6697778733970803,95.354661696059,no,no,2.405081003069614,1,Always,no,2.1131568570043067,no,1,0,Frequently,Bike,Obesity_Type_I
42,Female,1.509032038999977,115.09788210363767,yes,no,1.5961044172788863,3,Frequently,no,1.6854618508558143,no,1,0,Frequently,Public_Transportation,Obesity_Type_III
44,Female,1.6449356245124303,74.56378267168641,no,yes,1.210729844501713,4,Frequently,no,1.2691525342082155,no,1,1,Frequently,Public_Transportation,Overweight_Level_II
59,Female,1.5951516031484452,102.6313729675204,yes,no,2.5636477266898714,2,Sometimes,no,1.188837795320962,no,0,2,Always,Public_Transportation,Obesity_Type_III
45,Female,1.6473738084800615,93.08721693964225,no,yes,2.288298442951832,2,Always,no,2.663036666224447,yes,2,2,Frequently,Walking,Obesity_Type_I
33,Female,1.553892959318663,67.69740296440081,yes,yes,1.0963720247865925,4,Always,no,2.836795084163116,no,0,2,no,Automobile,Overweight_Level_II
32,Male,1.9007372763329526,119.68354884018842,no,no,1.7201009318019567,3,Sometimes,yes,2.299576093528599,no,2,1,Sometimes,Bike,Obesity_Type_I
64,Male,1.7671166040993218,112.7812118365889,yes,yes,2.913599630968572,2,no,no,1.2068682297209667,no,1,2,no,Motorbike,Obesity_Type_II
61,Male,1.8055960436150202,100.96840594596617,no,yes,2.0008022914204027,2,Always,no,1.8040544337764814,yes,3,1,no,Public_Transportation,Obesity_Type_I
20,Female,1.855127057373302,117.29944697301056,no,yes,1.8654582720394093,2,Always,no,2.4578784002103147,no,2,1,Always,Bike,Obesity_Type_I
54,Female,1.7242989895180758,118.7200070815832,no,no,1.915399210318588,3,no,no,2.5596417680201364,yes,1,1,Frequently,Public_Transportation,Obesity_Type_II
24,Male,1.5391141296393407,105.21085302077796,yes,yes,1.4177654480103274,3,Always,no,1.2364372445821772,yes,1,2,Sometimes,Public_Transportation,Obesity_Type_III
38,Female,1.7416979438183464,116.14613291091213,yes,yes,1.7374143417295904,4,Always,no,1.0000614376907648,no,2,1,no,Motorbike,Obesity_Type_II
26,Male,1.7640785031093955,104.2850742418891,yes,no,1.7396265119743533,3,no,no,2.42427409176121,no,3,2,Frequently,Walking,Obesity_Type_I
56,Male,1.8354477633829485,102.81196559962554,yes,no,1.1047100403749448,3,no,yes,1.7131923519724113,no,1,2,Frequently,Automobile,Obesity_Type_I
35,Male,1.6942467958033558,97.58196714829066,yes,yes,2.5351352570358365,1,Frequently,yes,1.5089626632365205,no,2,0,Always,Walking,Obesity_Type_I
21,Female,1.5574111362580036,108.9809143623995,no,yes,1.833008863807758,4,Sometimes,no,1.0257949395790509,yes,3,0,Always,Bike,Obesity_Type_III
42,Female,1.627699157609426,58.48143394991126,yes,yes,2.6443597736328464,2,Sometimes,no,2.0805988135229994,no,3,1,Always,Walking,Normal_Weight
31,Male,1.6633870333793859,119.87401453190891,yes,yes,2.700696002239791,3,no,no,2.7023014708519635,no,1,1,Sometimes,Bike,Obesity_Type_III
26,Male,1.7906627585992205,119.10669985834473,yes,yes,1.4239881093973161,2,no,no,2.915263292545176,yes,0,2,no,Bike,Obesity_Type_II
43,Male,1.7568502371010104,47.486019057937526,yes,no,2.314706964340257,2,Always,no,2.1314899012265784,no,0,1,Always,Automobile,Insufficient_Weight
19,Male,1.6602435266540307,115.19442379800482,no,yes,1.9445636083259634,1,Frequently,no,2.0289226554797883,no,1,1,Always,Motorbike,Obesity_Type_III
37,Female,1.9439318619568409,55.95393873524284,yes,yes,2.7603134758429704,3,Frequently,no,1.1701127709784822,no,3,2,Always,Automobile,Insufficient_Weight
45,Female,1.7725986687105992,73.48510261202706,no,yes,1.4314813583529082,4,no,yes,2.0977456030851993,no,1,1,no,Walking,Normal_Weight
64,Male,1.6067520562811974,108.19820178478666,yes,no,2.355626400620088,3,Always,yes,1.7599581579307892,no,2,1,no,Bike,Obesity_Type_III
24,Male,1.5458021126791817,58.6645911641062,no,yes,2.2155042445054454,2,Always,no,2.2142705617671536,no,0,2,Always,Public_Transportation,Normal_Weight
61,Female,1.5687866126329495,114.5271970501203,no,no,1.5906029551436656,4,Sometimes,no,1.7774526957530934,no,2,2,Always,Public_Transportation,Obesity_Type_III
25,Female,1.6106809777730287,115.73140512640806,yes,yes,1.2732018073023452,3,Sometimes,no,1.4805982469007335,yes,1,0,Frequently,Bike,Obesity_Type_III
64,Male,1.5723066179668002,88.13475736967108,no,yes,2.303279520954553,2,Always,yes,1.189930550456753,no,1,2,Always,Automobile,Obesity_Type_II
52,Male,1.5839551608230875,45.54279909593085,yes,yes,2.4771949162646614,2,Sometimes,yes,1.6298368891777915,no,3,0,Sometimes,Motorbike,Insufficient_Weight
31,Male,1.6282928259122311,69.3982413198676,no,yes,1.6312546875267,1,no,no,1.1932896685755046,no,3,1,Sometimes,Automobile,Overweight_Level_I
34,Female,1.5780181178826396,97.43878806193808,yes,yes,2.2896652080446276,1,Always,no,1.3537939016479679,no,3,2,Always,Bike,Obesity_Type_II
53,Female,1.9035444410818914,128.400825132331,no,yes,1.7902618152230065,1,Sometimes,yes,2.974672317159092,no,2,2,no,Bike,Obesity_Type_II
57,Female,1.536105185547739,98.70414979641681,no,yes,2.4264137665652354,2,Frequently,no,1.8882071138132372,no,3,2,Frequently,Motorbike,Obesity_Type_III
21,Male,1.7360301253066146,67.08330439045358,no,no,1.3984305497881062,3,Always,yes,2.063743533010033,yes,1,1,no,Walking,Normal_Weight
19,Male,1.6846785721453477,98.89048476346696,no,yes,2.7804300052723487,1,Always,no,2.7472370574744307,no,3,0,Always,Walking,Obesity_Type_I
23,Female,1.9420703776088728,90.89875727584771,yes,no,1.5748191929311595,3,Frequently,no,2.9911378009813756,no,0,1,Sometimes,Motorbike,Normal_Weight
59,Female,1.5504175059756236,111.2868585878472,yes,yes,1.7355719755123058,1,no,yes,2.1654288986893633,yes,3,1,Frequently,Walking,Obesity_Type_III
21,Male,1.6790350195705837,54.093354300291466,yes,yes,1.1161839041606996,4,Frequently,no,2.624947642088343,no,2,2,no,Public_Transportation,Normal_Weight
46,Female,1.936261694973916,109.68737171267239,yes,yes,1.2230244246425528,4,Always,no,1.6538820486733505,no,0,0,no,Walking,Overweight_Level_II
35,Female,1.889478206652291,91.00765918746937,no,yes,2.0317238054246562,1,no,no,1.6114879148945822,no,0,1,Always,Walking,Overweight_Level_I
43,Male,1.8676824319271759,126.85432032801454,yes,yes,1.535185353455943,2,Sometimes,no,1.8054074419891204,yes,0,2,Frequently,Walking,Obesity_Type_II
61,Female,1.616056272170223,74.05913411328831,no,yes,2.6709604514843885,1,Sometimes,yes,2.345014525347298,yes,2,1,Sometimes,Public_Transportation,Overweight_Level_II
51,Male,1.5768994143255297,98.77286091638558,no,yes,1.0293867773099077,1,Sometimes,no,2.3643833785101975,no,1,1,Always,Walking,Obesity_Type_II
27,Male,1.800889448965994,124.22238896835148,no,yes,1.7581880973438724,2,Always,no,1.6304788692989016,yes,3,2,Frequently,Public_Transportation,Obesity_Type_II
53,Male,1.9182191951074135,53.713326879207735,yes,yes,1.6746910935381853,4,Frequently,no,1.2664198482732574,no,0,2,no,Motorbike,Insufficient_Weight
31,Male,1.7505433018562684,124.66442141509835,no,no,1.038655261835202,3,no,no,2.264792512931017,no,0,0,Always,Automobile,Obesity_Type_III
48,Male,1.757225710261455,103.47028639556913,no,no,1.2487367980010204,1,Sometimes,no,1.256651724377529,yes,0,1,no,Motorbike,Obesity_Type_I
32,Male,1.6259905921471278,50.76615002393961,yes,no,1.8272853498372705,2,no,no,2.15698501645866,yes,1,2,no,Automobile,Normal_Weight
25,Male,1.8462718199363715,70.58190319047938,no,no,1.9857291688948933,1,Always,yes,2.386844256112618,no,1,2,Always,Motorbike,Normal_Weight
31,Female,1.5841696868508854,105.19462753484893,no,yes,1.8085794945097382,2,Sometimes,yes,2.4012229927889033,no,2,0,Always,Automobile,Obesity_Type_III
40,Male,1.6456556563819096,50.7248011248456,yes,yes,2.0618753568241877,3,Always,no,2.5069442213191935,no,1,0,Always,Automobile,Normal_Weight
57,Male,1.6914463973773874,94.48448911498323,yes,no,2.190263349811363,3,Frequently,no,2.7457188431313293,no,3,2,Always,Bike,Obesity_Type_I
38,Female,1.7284246704080046,74.40005984100132,yes,yes,1.0198476422556713,4,Always,no,1.9999179839295769,no,2,0,Always,Automobile,Normal_Weight
33,Female,1.6090843795867862,97.77781901023556,yes,yes,1.9281903189070078,2,Always,no,2.4604983790591426,no,2,2,no,Automobile,Obesity_Type_II
62,Female,1.5516765711326417,48.888072874063596,yes,yes,2.9269984817751764,2,Frequently,no,2.2383454707316734,no,3,1,Sometimes,Bike,Normal_Weight
35,Male,1.7747790190987347,119.08062852295198,yes,yes,2.038064560259097,4,no,yes,1.3732798795953651,no,3,0,Sometimes,Walking,Obesity_Type_II
64,Female,1.629883748958115,127.74656238007874,yes,yes,2.355084534917906,4,Frequently,no,1.0513792897388163,no,3,1,Always,Walking,Obesity_Type_III
41,Male,1.7615571996401755,127.35461769928378,yes,no,1.6237277158337664,2,Frequently,no,1.5690827713538675,no,2,1,no,Bike,Obesity_Type_III
43,Male,1.569463221873391,108.7204056981486,no,yes,2.547982756305525,4,Always,no,1.8860674126752388,yes,2,1,Sometimes,Public_Transportation,Obesity_Type_III
42,Male,1.7165130458346678,56.05733041110372,yes,yes,2.5458429637522304,3,no,no,2.2342118888573124,no,2,2,Sometimes,Automobile,Normal_Weight
62,Male,1.7396652446482137,109.45237165396692,no,no,2.0425920953082777,1,Sometimes,no,2.6999186610064108,yes,3,1,Sometimes,Automobile,Obesity_Type_II
58,Female,1.523320591570092,47.08988789899813,yes,yes,2.9520276465584274,3,Frequently,no,1.3924914334123313,yes,3,1,no,Bike,Normal_Weight
46,Female,1.6514719251872643,46.88050187996477,yes,yes,1.2511004295253068,4,no,no,1.2510995797969542,no,0,1,Always,Bike,Insufficient_Weight
32,Male,1.5604866046225383,72.50686862771101,yes,yes,1.033895329779162,2,Frequently,no,2.926959894948655,no,1,2,Always,Public_Transportation,Overweight_Level_II
62,Male,1.5285187367127455,86.53467118439659,yes,no,2.540316423514192,2,Frequently,no,1.2160891187528142,no,0,1,Always,Walking,Obesity_Type_II
18,Male,1.9454821045754753,110.48463051366242,yes,no,2.6143110747297653,3,Frequently,no,1.9569821402143783,no,3,1,Frequently,Motorbike,Overweight_Level_II
42,Female,1.6450592302386253,103.08010701155294,no,yes,1.2404144582411525,2,Frequently,no,2.1711274575866035,no,2,0,Frequently,Walking,Obesity_Type_II
24,Male,1.8644435006345856,82.90173004202362,yes,no,1.5311656659172121,4,Always,no,2.0827488418148765,yes,3,2,Frequently,Automobile,Normal_Weight
26,Male,1.6145882946436938,68.2582666339416,no,yes,1.0351047267332578,3,no,no,1.1720643140658864,no,1,1,no,Bike,Overweight_Level_I
41,Female,1.8066762250007682,129.75558251340544,no,no,1.5866172215611294,2,no,no,1.1140538280072387,no,0,0,Sometimes,Public_Transportation,Obesity_Type_II
18,Female,1.842102536950359,81.2254106900577,yes,no,2.546283747837343,1,no,yes,1.2109668549220713,no,0,2,Sometimes,Walking,Normal_Weight
61,Male,1.76803743327353,83.36789706802242,yes,no,2.035921055425158,1,Frequently,no,2.1711753677452252,no,2,2,no,Public_Transportation,Overweight_Level_I
25,Female,1.7122092848475712,58.90802480129188,no,yes,1.6961911863365762,4,Always,no,2.088689775268642,yes,0,2,no,Walking,Normal_Weight
41,Female,1.6853284113662708,112.558811643744,yes,no,1.7434785898126606,2,Frequently,no,1.4674815840734885,no,0,2,Always,Automobile,Obesity_Type_II
28,Male,1.6569907199443479,103.96298919142654,yes,no,1.0027072514309363,4,Frequently,no,2.275548283691183,no,3,2,Always,Motorbike,Obesity_Type_II
34,Female,1.9182881149115216,63.76541708704463,no,yes,1.5996010551304718,3,no,no,2.6401350041112988,no,0,2,Frequently,Public_Transportation,Insufficient_Weight
25,Male,1.8737787335044782,52.00238887734663,yes,no,2.292917483275861,1,Frequently,no,1.0831579196931875,no,0,1,Frequently,Public_Transportation,Insufficient_Weight
52,Female,1.9342621097999306,102.8424406763506,no,yes,2.9483888876327145,3,Sometimes,yes,1.9962598870960848,no,0,1,no,Motorbike,Overweight_Level_II
52,Male,1.5559337505684951,100.6334532138965,no,no,2.694121653967799,2,Frequently,no,2.3786208242053806,no,2,1,Frequently,Public_Transportation,Obesity_Type_III
50,Male,1.8288903638416398,68.22705979484779,yes,yes,1.0471899292910583,4,Sometimes,no,1.5046238541393742,no,2,1,Sometimes,Public_Transportation,Normal_Weight
22,Male,1.922253205569467,125.82340279128488,yes,no,2.7971212093496787,4,Frequently,no,1.6155418105862982,no,3,0,no,Walking,Obesity_Type_I
59,Female,1.5815548797745471,57.83992080137652,yes,yes,2.566396826597252,4,Always,no,2.227275805978768,yes,0,1,no,Walking,Normal_Weight
56,Male,1.52992332031505,81.74845808862116,yes,yes,2.560752247141961,3,Always,no,2.7958705868874736,yes,2,2,Sometimes,Motorbike,Obesity_Type_I
58,Female,1.8335042921805265,125.2073532142459,yes,yes,1.915991518007143,1,no,yes,2.6198488406057985,no,2,1,Always,Automobile,Obesity_Type_II
45,Male,1.7585129009309604,80.6768219387204,no,yes,1.7960105859090056,3,Frequently,no,2.166260438199167,yes,3,1,Always,Public_Transportation,Overweight_Level_I
24,Male,1.8788229495412223,99.27470555144727,yes,yes,1.6058314576663852,3,Sometimes,no,2.4604434355144984,yes,1,2,Sometimes,Automobile,Overweight_Level_II
26,Female,1.5628975694818303,78.79552382683752,yes,yes,1.1313897179087316,2,Sometimes,yes,1.7296449404155974,no,0,1,Sometimes,Motorbike,Obesity_Type_I
25,Male,1.8578702903369506,68.30829219963695,no,yes,1.4564707269873982,2,Frequently,yes,2.2819310561975152,no,2,1,Frequently,Motorbike,Normal_Weight
29,Male,1.590732294021485,128.6381000765854,no,yes,1.4932072699560492,2,Sometimes,yes,1.932363182255114,no,3,1,no,Walking,Obesity_Type_III
51,Female,1.573645174289567,79.79339053677866,no,yes,1.9681541394204032,1,Always,no,1.3798722729151218,yes,3,0,Frequently,Public_Transportation,Obesity_Type_I
50,Male,1.573919609068947,120.99843231272642,yes,no,2.4948888131933877,1,Sometimes,yes,2.403476547754514,yes,3,1,Sometimes,Bike,Obesity_Type_III
40,Male,1.8665586241041219,64.54614150074232,no,yes,1.9476196567958932,2,no,no,2.112929274697644,yes,2,2,Frequently,Motorbike,Normal_Weight
41,Male,1.79933874931329,63.113899842132085,yes,no,1.1156888988943212,2,Always,no,1.7172431639071828,no,0,2,Sometimes,Public_Transportation,Normal_Weight
54,Male,1.7353794411461037,47.64639704518346,yes,no,2.9155796019764075,1,Always,no,2.8226783801572615,no,1,1,Frequently,Automobile,Insufficient_Weight
52,Female,1.661473717855576,100.39168015695023,yes,yes,2.8854486381882243,4,Always,no,1.0418682356534665,no,0,1,Frequently,Walking,Obesity_Type_II
61,Female,1.8947402433658986,76.3247392165197,no,yes,2.5703790862968168,1,Frequently,no,1.631546302498992,yes,3,1,Always,Automobile,Normal_Weight
57,Male,1.676600298340186,118.47045123636914,yes,no,2.9826558031284414,1,Frequently,no,1.1137627955552931,no,3,2,Sometimes,Motorbike,Obesity_Type_III
39,Female,1.8674697477622098,85.22284206878236,yes,yes,2.0889646656005256,1,Always,no,2.533054632443254,no,1,2,Frequently,Motorbike,Normal_Weight
44,Male,1.6976107088565984,127.29644137275135,yes,yes,2.925536700506412,2,Frequently,no,2.404214908227585,no,0,0,no,Automobile,Obesity_Type_III
52,Female,1.6696249932412084,60.7696688347653,yes,yes,1.1512100812335015,4,Sometimes,no,1.662704437472634,no,3,0,Frequently,Motorbike,Normal_Weight
18,Male,1.7082059035513228,118.83296927622692,no,no,1.7313614965227426,1,Frequently,no,2.351325804414146,no,3,0,Frequently,Public_Transportation,Obesity_Type_III
52,Male,1.635620043373864,111.01073248729804,no,yes,1.4507625360135317,2,Frequently,no,1.7918744523918997,yes,0,2,no,Motorbike,Obesity_Type_III
54,Male,1.836424221079313,110.52835679474443,no,yes,1.39166616826854,3,Always,no,2.5125075828448686,yes,3,0,Sometimes,Walking,Obesity_Type_I
64,Male,1.7262241755416157,116.80657438993545,yes,no,1.2816058977853522,3,no,yes,1.9083673254734121,no,0,1,Always,Public_Transportation,Obesity_Type_II
31,Male,1.6044957128160677,109.68703923015491,yes,no,2.2448272831319933,1,no,yes,1.824559455663331,yes,3,1,Always,Bike,Obesity_Type_III
20,Male,1.9048085579735559,98.22872733867031,yes,yes,2.5626437114946103,3,no,no,2.869459830976602,yes,0,2,Always,Motorbike,Overweight_Level_II
18,Female,1.6727510496179452,56.155814603002945,yes,yes,2.156596798840721,4,Sometimes,no,1.5017581997814005,yes,1,0,no,Motorbike,Normal_Weight
22,Male,1.744598787501295,47.764725256756414,yes,no,1.2939254191764193,3,Frequently,no,1.2408946799931309,yes,3,1,Frequently,Walking,Insufficient_Weight
43,Female,1.907912449934046,123.27206706433338,no,yes,2.622247539866942,3,no,no,2.1690862265189166,no,1,2,Sometimes,Walking,Obesity_Type_I
31,Male,1.7809070981612964,97.41527673426273,yes,yes,2.2719094143274567,4,Always,no,2.938643624568358,no,3,0,Frequently,Automobile,Obesity_Type_I
56,Female,1.5526041183187638,112.70566973297498,yes,yes,1.776331412253991,1,no,no,1.7556784274543733,no,3,1,Always,Automobile,Obesity_Type_III
44,Female,1.9229244556260638,85.92939987856676,yes,no,2.348260591072126,1,no,no,1.124073527257563,no,2,0,Frequently,Automobile,Normal_Weight
26,Female,1.7824686238821381,54.97119606180353,yes,yes,1.5198099584856657,4,Frequently,no,1.678610534619135,no,0,2,no,Walking,Insufficient_Weight
32,Male,1.6507075265956888,55.64079233721679,yes,no,1.690384416988421,4,Frequently,no,2.011863308639117,no,1,0,no,Automobile,Normal_Weight
32,Male,1.5626724326985242,103.27304941446258,no,no,2.83497168626398,4,Frequently,no,1.3238460132644274,no,1,2,Sometimes,Automobile,Obesity_Type_III
43,Female,1.8573113351716333,81.57600106645432,no,yes,1.5810090113428408,3,Sometimes,yes,2.316204436112984,no,1,0,Sometimes,Bike,Normal_Weight
59,Male,1.779032740167831,62.044601769528626,no,yes,1.9399765363158732,4,Sometimes,yes,2.9954987780204014,yes,0,1,Always,Automobile,Normal_Weight
30,Female,1.7400574913893447,86.78553647302213,yes,yes,2.7802822747920293,2,no,no,1.9034789519628876,no,2,2,Sometimes,Motorbike,Overweight_Level_II
49,Male,1.9022516623729309,50.4577596513864,yes,yes,2.415442700535055,3,Frequently,no,1.7094571134604253,no,1,2,Frequently,Walking,Insufficient_Weight
56,Female,1.8548687450510388,94.46756916272389,yes,yes,1.1244064523294055,1,no,no,1.8014083336689333,no,0,2,no,Public_Transportation,Overweight_Level_II
49,Female,1.568253695879738,67.8644393769833,yes,no,1.2946060885579407,1,Always,yes,1.2302923567904023,no,3,0,no,Bike,Overweight_Level_II
21,Male,1.6402749305079967,112.792523554161,no,yes,1.0156831815438336,1,Always,no,2.766547202852448,no,1,0,no,Walking,Obesity_Type_III
47,Female,1.6118201129165095,71.38076650850377,yes,no,2.2618435804583266,3,Frequently,no,1.829651311042704,no,1,1,Sometimes,Walking,Overweight_Level_II
54,Male,1.8347758316577045,83.69371267195311,yes,yes,1.8953468508208366,2,Frequently,no,1.7745488228496826,yes,2,2,no,Motorbike,Normal_Weight
40,Female,1.5150895956311008,45.987745892188556,yes,yes,1.268549701804551,4,Always,no,2.3193805458609487,no,1,2,no,Automobile,Normal_Weight
56,Female,1.7564503581920925,51.1579854625375,yes,yes,2.915868242113541,4,Frequently,no,1.884066841862247,no,1,0,no,Motorbike,Insufficient_Weight
62,Male,1.8431064085833107,78.36195229456821,no,yes,2.05931944789124,1,Sometimes,no,2.2964669376156923,no,3,0,Always,Automobile,Normal_Weight
32,Male,1.8945445365427873,85.7948009509555,yes,no,1.4837865882257784,1,Sometimes,no,1.122892580261575,yes,0,1,Always,Automobile,Normal_Weight
60,Male,1.6539367869221584,96.00174659014081,yes,yes,2.001207142309415,3,Frequently,yes,2.627446687444455,no,0,1,Sometimes,Walking,Obesity_Type_II
46,Female,1.8695657871024056,69.79131919029078,yes,yes,2.3592406654702156,2,Always,yes,2.881007905758805,no,2,0,no,Automobile,Normal_Weight
53,Male,1.5497842816298433,104.07346032075611,yes,yes,1.152478435947129,4,no,no,2.2975307723187717,yes,3,2,Sometimes,Bike,Obesity_Type_III
30,Female,1.8809035312805331,118.1104037610824,no,yes,1.549407630095784,3,Frequently,no,2.9091318577176217,no,0,1,no,Bike,Obesity_Type_I
49,Female,1.5573698980493922,111.28733405593474,no,yes,2.613930981767987,4,Frequently,no,1.3028646287399266,yes,3,0,no,Bike,Obesity_Type_III
24,Male,1.6787792807521653,48.36760015461036,no,yes,1.9193297408053225,1,no,no,1.9548323789607074,no,0,0,no,Walking,Insufficient_Weight
39,Male,1.858782914600799,85.84309051691545,no,no,2.09315428406459,4,Frequently,no,2.2036134678908947,no,3,2,Sometimes,Motorbike,Normal_Weight
45,Female,1.567462842306948,53.919065165544865,yes,yes,1.8656320044189385,2,no,no,2.1634732948423734,no,2,0,Sometimes,Public_Transportation,Normal_Weight
19,Female,1.6031631278546887,65.57382634831484,no,no,1.0877998852860102,2,Always,no,1.8029235581780865,yes,1,0,no,Automobile,Overweight_Level_I
59,Male,1.8250136557768797,128.86632042770745,yes,yes,1.3314995596403119,1,Sometimes,no,1.6761688187325228,no,2,1,Frequently,Public_Transportation,Obesity_Type_II
62,Male,1.8240164414457334,57.112121146628624,yes,yes,1.8910832774837818,2,Always,no,1.2536480451008376,yes,0,0,Sometimes,Motorbike,Insufficient_Weight
23,Male,1.7885164347983837,87.40549304336527,no,yes,1.4183709308158556,2,Sometimes,no,1.7834849011245564,yes,2,0,Always,Motorbike,Overweight_Level_II
45,Male,1.812276800010195,97.54323741704013,yes,yes,1.0999580573193575,3,no,no,1.3253216302109703,yes,1,1,Sometimes,Walking,Overweight_Level_II
45,Male,1.7442259995064182,104.70952249624884,no,yes,2.6872993281036477,4,Sometimes,no,2.468731352984437,yes,2,2,no,Bike,Obesity_Type_I
61,Female,1.6133095765081287,92.5701380963877,yes,yes,2.9623850583282314,1,Always,yes,1.41766187098918,no,0,2,Frequently,Bike,Obesity_Type_II
61,Female,1.6555631970767637,45.83052203063061,no,yes,2.586285747993479,1,Sometimes,no,1.1171306105690677,yes,0,1,no,Motorbike,Insufficient_Weight
37,Female,1.5817189725606415,72.74921120073931,no,yes,2.707569843409334,1,no,no,2.1047322756344684,no,2,1,Always,Walking,Overweight_Level_II
47,Female,1.9088027526001328,89.00548968770048,no,yes,1.4839542606340907,1,Sometimes,yes,2.190459465438803,no,1,2,Sometimes,Walking,Normal_Weight
28,Male,1.7625263076447542,52.468652427310836,no,no,2.9212539510263995,1,Frequently,no,2.743826122561011,no,2,2,Sometimes,Automobile,Insufficient_Weight
45,Male,1.680383137543638,74.80328915278037,no,yes,1.3938514089068568,2,Always,no,2.1539632248353637,no,1,2,no,Bike,Overweight_Level_I
42,Male,1.7079026116398597,47.822264247266155,yes,yes,2.9028596207236648,3,Frequently,yes,1.6909617074468914,no,3,2,no,Motorbike,Insufficient_Weight
56,Female,1.9262775028253167,51.67917225817676,yes,yes,2.989638587931902,1,no,no,2.606023763052641,no,1,2,Always,Public_Transportation,Insufficient_Weight
50,Female,1.5690081314022362,78.73847847713566,yes,yes,2.4234456114920975,3,Sometimes,no,2.0805577863748423,yes,3,1,Frequently,Bike,Obesity_Type_I
18,Male,1.7638034244075587,56.280839093660134,no,yes,2.962287463583644,3,Frequently,yes,1.1585605692623835,no,2,0,Always,Automobile,Insufficient_Weight
44,Male,1.7276499054980097,93.24097210223243,yes,yes,2.139079559134207,2,Frequently,no,2.1317011206264933,yes,1,2,Frequently,Walking,Obesity_Type_I
30,Female,1.7751544059455915,103.60452237666759,no,yes,1.5190835663521807,1,Sometimes,no,2.8160370908433245,yes,3,2,Sometimes,Motorbike,Obesity_Type_I
58,Female,1.5081495827193783,113.04986942427205,yes,yes,1.8739917713312417,2,Sometimes,yes,1.792625250996441,yes,3,0,Frequently,Bike,Obesity_Type_III
20,Male,1.892455759024868,62.01277076080886,yes,yes,2.187121870757572,1,Always,no,1.5926516037996001,no,3,0,Frequently,Public_Transportation,Insufficient_Weight
56,Male,1.9194532271176254,59.23601949202093,no,yes,1.14616312405403,2,Frequently,no,1.28693891403604,yes,0,0,Sometimes,Automobile,Insufficient_Weight
23,Female,1.754309932615144,53.88826642842402,yes,yes,2.2446865292344924,3,Frequently,yes,1.3028910438707146,no,2,0,Sometimes,Automobile,Insufficient_Weight
25,Male,1.8134928707446014,99.09657121120912,yes,yes,2.962355673524589,1,no,yes,1.8655429686836378,yes,3,0,Sometimes,Bike,Obesity_Type_I
44,Male,1.915124721529783,105.0504367513866,yes,yes,1.3802152995674553,4,Always,no,2.191359648323059,no,1,0,Always,Public_Transportation,Overweight_Level_II
26,Male,1.8182573854410293,47.68482231017957,no,no,2.5851902325767666,3,no,no,1.1612308103392035,yes,3,1,Sometimes,Automobile,Insufficient_Weight
54,Female,1.5686425693114177,124.57804093071364,no,yes,2.8157975875592385,4,Frequently,no,2.8791371780503314,yes,0,0,no,Motorbike,Obesity_Type_III
50,Female,1.7593297620750659,49.41755911037515,yes,yes,2.8874031856404416,3,no,no,2.510267234890392,no,2,0,Sometimes,Automobile,Insufficient_Weight
59,Female,1.773021770872285,91.010188500591,yes,yes,2.9202712088108944,2,Frequently,no,2.1732478365673256,yes,0,1,Sometimes,Public_Transportation,Overweight_Level_II
61,Female,1.6908588020860738,105.27014415332789,yes,no,2.0429192774429437,1,Frequently,no,2.6568773418779816,no,0,0,Sometimes,Walking,Obesity_Type_II
41,Female,1.8313999060311252,119.03237551841728,no,yes,2.9546158159830074,3,no,no,1.1603735136242266,no,0,2,Frequently,Walking,Obesity_Type_II
32,Female,1.9204651566460567,105.69738923125637,no,yes,2.5146204142688777,2,no,no,1.9536777554662488,yes,1,2,Always,Bike,Overweight_Level_II
49,Female,1.9165058308080494,113.1468870609323,yes,yes,1.3233428724739238,1,Sometimes,no,2.260186253723327,no,2,0,Sometimes,Public_Transportation,Obesity_Type_I
49,Male,1.7028777171318594,73.85326636613851,yes,yes,1.95380021293594,1,Sometimes,yes,2.6573058122365785,yes,2,1,Always,Automobile,Overweight_Level_I
41,Male,1.55095712062834,114.26013466845355,yes,yes,2.436662350744008,3,Sometimes,yes,2.566939120098535,no,1,2,no,Automobile,Obesity_Type_III
58,Male,1.9431785395330505,51.809761942697385,no,yes,1.4946806316381667,1,Frequently,no,1.5541384994267993,yes,2,1,no,Walking,Insufficient_Weight
29,Male,1.8775041389006704,121.05941576514485,no,no,2.2812303670977747,3,no,no,2.881760339118409,no,0,2,Sometimes,Walking,Obesity_Type_I
56,Male,1.5560982065414701,91.54535197306758,yes,yes,2.3332009580932382,1,Always,no,1.2486916828617407,yes,2,0,no,Motorbike,Obesity_Type_II
19,Male,1.9143788471778174,114.47031044681196,yes,no,1.3253994876171318,4,Frequently,no,2.750267237242304,no,1,1,Always,Walking,Obesity_Type_I
20,Male,1.8914533629279577,83.4470541840555,yes,no,2.130170624905513,2,Always,no,2.941880499209237,no,0,1,Frequently,Motorbike,Normal_Weight
54,Female,1.7334771257067325,99.70410409170462,no,yes,2.543253821957215,4,no,no,1.3543070464452511,no,1,1,Sometimes,Automobile,Obesity_Type_I
34,Female,1.7660739460852182,89.74422617956962,yes,yes,1.9977913290718838,3,Frequently,no,2.4441321284075705,no,3,2,no,Motorbike,Overweight_Level_II
19,Male,1.6795512167415585,107.1851093492032,no,yes,1.0242062335522149,4,Always,no,1.080571037555997,no,0,2,Always,Motorbike,Obesity_Type_II
19,Male,1.524642737469914,51.93854847260011,no,yes,1.0180769381585844,3,Always,no,1.81084565027831,no,0,2,Always,Bike,Normal_Weight
45,Female,1.6508387587406554,50.129927139197925,yes,yes,1.7140586879400244,1,Sometimes,no,2.032566598395348,yes,2,0,no,Walking,Insufficient_Weight
40,Male,1.8612840518691052,66.00377489086245,yes,no,2.852388136863564,1,Sometimes,no,2.1612904518192684,yes,0,2,Always,Motorbike,Normal_Weight
54,Male,1.5020844103520712,58.56129780962101,yes,no,1.4573535592072175,3,Sometimes,no,2.871874496497119,yes,1,0,Always,Automobile,Overweight_Level_I
49,Female,1.650074627261015,119.10160316033715,no,yes,2.2687273777433745,4,Frequently,no,2.3445013745883894,no,2,1,Sometimes,Public_Transportation,Obesity_Type_III
50,Male,1.6791759121159244,63.63318892543377,no,yes,1.4441517413866412,1,no,no,1.962555902438474,no,3,1,Always,Motorbike,Normal_Weight
18,Female,1.7418280213220654,127.94854674462616,no,no,1.6433399793190973,2,no,no,2.6193500725317787,no,1,0,no,Walking,Obesity_Type_III
36,Male,1.913935027385742,73.63614230054408,yes,no,2.696084179202968,1,Sometimes,yes,2.9010656419088177,yes,3,2,Sometimes,Bike,Normal_Weight
19,Female,1.6558556974646825,60.48002283353944,yes,no,2.4577228845398937,2,Sometimes,no,1.0441322973645817,no,3,0,no,Automobile,Normal_Weight
61,Female,1.6561289408533024,112.12437310711073,no,yes,1.1907985546264213,4,Sometimes,no,2.9650425445120776,yes,3,1,Frequently,Bike,Obesity_Type_III
43,Female,1.8318755616493867,100.99016091757447,no,yes,1.8574040419728672,2,Always,no,1.1722642781273607,no,0,1,no,Public_Transportation,Obesity_Type_I
49,Male,1.7034980734004133,87.34663589851681,yes,yes,1.058339527290529,2,Sometimes,no,2.6287735585375227,no,1,0,no,Motorbike,Obesity_Type_I
23,Female,1.601072170322992,92.20590182969866,no,yes,1.961780293206018,2,Always,no,1.560669505102825,no,1,2,Sometimes,Motorbike,Obesity_Type_II
49,Male,1.703597782259712,106.13215115314242,no,yes,2.324868023402136,2,no,no,1.2643593155077435,no,0,2,Always,Walking,Obesity_Type_II
21,Male,1.5633856591709099,64.4186530131604,yes,yes,1.2370052471963031,1,Frequently,no,1.8797112794276698,no,2,0,no,Motorbike,Overweight_Level_I
28,Male,1.5793741439278004,129.68838286482307,no,yes,1.5777698778183313,2,Frequently,no,2.2879131588952273,yes,3,0,Sometimes,Automobile,Obesity_Type_III
34,Male,1.7242654977327658,127.85741878247657,no,yes,1.7956732510043139,1,Frequently,no,1.76190369004695,no,1,2,Frequently,Public_Transportation,Obesity_Type_III
55,Female,1.6885164522770466,100.27768333948964,no,yes,2.8390620493120995,2,Frequently,no,1.109130816565398,yes,0,1,Sometimes,Bike,Obesity_Type_II
41,Female,1.911680655480645,61.96110832897733,yes,yes,2.986510030845928,3,Always,no,2.1989222793174332,no,3,0,Sometimes,Public_Transportation,Insufficient_Weight
22,Male,1.6630772546024848,102.81940060665977,yes,yes,1.0898225979912317,4,Always,yes,2.8048065522213497,no,2,2,Always,Motorbike,Obesity_Type_II
51,Male,1.7612647576251195,51.136864763229944,no,yes,2.522015846990784,2,Sometimes,no,1.7664307318945034,yes,2,2,no,Bike,Insufficient_Weight
23,Female,1.7845189295637887,47.605462687493514,yes,yes,1.7434481328046865,3,Always,no,1.432665555261654,yes,3,1,Frequently,Walking,Insufficient_Weight
39,Male,1.50589250546475,66.90304552345316,yes,no,1.78491637245896,2,Sometimes,no,1.8851546918656308,no,2,1,Sometimes,Public_Transportation,Overweight_Level_II
28,Female,1.7985918174075197,84.32295132284189,yes,yes,2.508529946694045,2,Sometimes,yes,1.0967254220975617,no,1,1,no,Bike,Overweight_Level_I
33,Male,1.580116185091388,118.80316295971234,yes,yes,2.836852864290817,2,Frequently,no,2.6409751689605496,no,1,1,no,Bike,Obesity_Type_III
50,Male,1.9324816428612548,106.80937093013618,no,yes,2.9018571890050966,3,Always,no,2.6526816219003733,yes,1,1,Sometimes,Bike,Overweight_Level_II
26,Female,1.5668982274889007,108.13005430199838,no,no,2.1542451720766413,4,Always,yes,2.176000926859257,yes,2,0,no,Automobile,Obesity_Type_III
23,Male,1.6865808556771607,81.1669334280864,yes,yes,1.7142423186010056,3,Sometimes,no,1.706205777876779,no,1,2,Sometimes,Public_Transportation,Overweight_Level_II
33,Female,1.5384073506353897,74.40447436649185,yes,yes,2.5750981717175585,4,Sometimes,no,2.599566728891567,no,0,0,Sometimes,Bike,Obesity_Type_I
46,Male,1.9485934133306761,76.53829485369123,yes,yes,1.5020027665246005,2,no,no,2.1093740495767346,yes,1,0,Sometimes,Public_Transportation,Normal_Weight
20,Male,1.7259877546490592,128.9502129175649,no,yes,2.1281480576670355,1,no,no,2.651864617100032,no,1,0,Frequently,Bike,Obesity_Type_III
37,Male,1.7679232577940196,48.40928127006101,no,yes,1.7171569230497463,2,Sometimes,yes,2.2629175851660412,yes,2,0,Sometimes,Walking,Insufficient_Weight
53,Female,1.5301844148247923,118.69767717040813,yes,yes,2.3132621474157524,4,no,no,2.568810946425595,no,1,0,Always,Walking,Obesity_Type_III
36,Male,1.8374822116796299,94.18740972865345,no,no,1.4807978257870138,3,no,yes,2.1971259864355197,no,3,1,no,Walking,Overweight_Level_II
43,Male,1.5944575168930135,82.2823106311152,no,yes,1.3831858914696515,2,Sometimes,no,1.8282821364313324,no,0,1,Frequently,Motorbike,Obesity_Type_I
20,Male,1.9041244302483211,106.64690113528661,no,no,2.836478173350874,3,Sometimes,no,2.915891719852275,no,2,2,no,Bike,Overweight_Level_II
36,Male,1.5923128382169032,86.36686002109974,no,no,1.2036073658990738,3,Always,no,2.0822276497576895,no,0,0,Frequently,Motorbike,Obesity_Type_I
37,Female,1.58580947429865,119.24097523694115,yes,yes,2.0119158154698633,3,Sometimes,yes,2.210179037081077,yes,3,2,Always,Public_Transportation,Obesity_Type_III
49,Female,1.5164473505316427,121.55965844095698,no,no,1.4417055659260178,2,Sometimes,no,1.4409752788294985,yes,2,1,Frequently,Motorbike,Obesity_Type_III
24,Male,1.7124301252994996,80.84627878424371,yes,yes,1.077859926651335,3,Frequently,no,2.251301578854553,no,2,1,Frequently,Public_Transportation,Overweight_Level_II
58,Female,1.7541785099681775,68.53036276497939,no,yes,1.0720376365828528,3,Always,no,2.1432152989658877,no,1,1,Frequently,Public_Transportation,Normal_Weight
50,Male,1.5295688877427585,95.34977793043579,no,yes,1.3504435442116547,2,Always,no,1.36967679589405,no,0,0,no,Public_Transportation,Obesity_Type_III
57,Male,1.8489874275127547,122.55088437741873,no,yes,2.7335407090120007,3,Always,no,1.1191741947062874,no,3,0,Sometimes,Motorbike,Obesity_Type_II
56,Male,1.7039799756366123,62.90628606548166,no,yes,1.5649574879540533,2,Frequently,no,2.2087186394295424,no,3,1,no,Bike,Normal_Weight
35,Female,1.7359756211974111,97.95215960289605,yes,yes,2.900918341150591,4,Sometimes,no,2.527384538700641,yes,2,2,Sometimes,Motorbike,Obesity_Type_I
57,Female,1.6983432361222026,98.68261870786425,yes,yes,2.1632445859783873,4,Always,no,2.0468027418440164,no,1,2,no,Bike,Obesity_Type_I
18,Female,1.6803433773938967,107.31460690529889,no,yes,1.8732283795375322,4,Always,yes,1.4535452506392914,no,2,1,Always,Bike,Obesity_Type_II
28,Female,1.751838149088698,56.183253235817084,no,yes,2.160177669338909,3,no,no,2.3330439533860696,no,2,2,Always,Public_Transportation,Insufficient_Weight
45,Female,1.5698581106688205,105.84512199797753,yes,yes,2.0333967704525353,1,Always,no,1.1602114532192045,no,2,1,Frequently,Motorbike,Obesity_Type_III
42,Female,1.581867658722872,122.26776425657948,yes,yes,2.51755250751465,1,Sometimes,no,1.8836674096039092,yes,2,2,Always,Bike,Obesity_Type_III
40,Female,1.8878035294560829,60.27306425397057,yes,yes,1.5649921319457045,3,Sometimes,no,1.3267335167968404,no,3,1,Frequently,Walking,Insufficient_Weight
48,Female,1.9257519579601348,65.1911826185296,no,no,1.7061007832006048,1,no,yes,1.3689181021197667,no,3,2,Sometimes,Bike,Insufficient_Weight
47,Female,1.6679891923258887,127.56858299353937,no,yes,2.7881886050665017,2,Always,no,1.4045878983164073,no,2,0,Always,Walking,Obesity_Type_III
59,Male,1.6218351029145992,60.38304098030663,yes,no,2.892913026300811,1,Always,yes,1.7734141140879558,yes,2,1,Sometimes,Motorbike,Normal_Weight
52,Female,1.789799794457557,117.62273293641422,yes,yes,2.785116454972949,3,Always,yes,1.1023004112407953,yes,1,1,no,Motorbike,Obesity_Type_II
24,Female,1.6839303769941434,86.84361779808296,no,yes,1.8388959879146272,3,Frequently,no,1.7955868818581964,yes,2,2,Sometimes,Motorbike,Obesity_Type_I
33,Female,1.5114238600471552,66.01464132427004,no,yes,2.5607310060137634,2,Always,yes,2.0234148942294015,yes,3,1,no,Bike,Overweight_Level_II
43,Female,1.5702686688147858,119.01374160816347,yes,yes,1.9526714666021976,4,Sometimes,no,1.9665885699326504,no,0,1,Sometimes,Automobile,Obesity_Type_III
19,Female,1.8221875029813288,82.85094667522657,yes,yes,1.9950797042922044,3,Sometimes,yes,1.7655682008060811,no,3,1,Sometimes,Bike,Normal_Weight
18,Female,1.796515773859568,88.75947508402366,yes,no,1.409360218114568,2,Frequently,no,2.6782932161415047,no,1,0,Always,Bike,Overweight_Level_II
29,Female,1.5121931966265676,75.53483639898008,yes,yes,2.182260606517033,1,Frequently,no,1.2906533848410082,no,3,0,Sometimes,Public_Transportation,Obesity_Type_I
22,Female,1.5998874728698271,95.40082237196883,yes,no,1.3722717955066959,1,Always,no,2.011393487562748,no,0,2,Always,Public_Transportation,Obesity_Type_II
54,Female,1.603983658464632,58.89952916972693,no,no,1.6631293981343875,2,no,no,1.1240828339131086,yes,2,0,Always,Bike,Normal_Weight
49,Female,1.8023517346194278,78.24193061539967,no,no,2.7100604032398703,2,Frequently,no,1.1423113577558195,no,0,2,Frequently,Walking,Normal_Weight
26,Female,1.5088697419894639,127.40004739849944,no,no,1.4141516184217104,3,Frequently,no,2.1477316993541926,no,2,0,Frequently,Public_Transportation,Obesity_Type_III
58,Male,1.5468488618930583,66.94134177959585,no,yes,1.1423165703468656,1,Always,no,2.132036849775642,yes,2,2,no,Bike,Overweight_Level_II
52,Male,1.859962238417935,100.82261648600984,yes,yes,1.1380151852256326,2,Always,no,2.756067025688914,yes,3,0,Sometimes,Automobile,Overweight_Level_II
36,Female,1.5803450979244502,72.64115545909907,yes,yes,2.881569041006216,1,Frequently,no,2.115747351320146,no,3,0,no,Walking,Overweight_Level_II
33,Female,1.7937357485333436,110.74521568336105,yes,yes,2.0138408759236692,2,no,no,2.9195820408097006,no,3,2,Sometimes,Motorbike,Obesity_Type_I
20,Male,1.607182251471027,56.124261161059735,yes,yes,1.8188241436340367,1,Frequently,no,1.0973896967998595,no,1,1,Frequently,Bike,Normal_Weight
37,Female,1.5447486267417052,127.4347888316763,no,no,2.621757162015837,4,Always,no,1.1960153695614821,yes,3,1,Frequently,Bike,Obesity_Type_III
41,Male,1.6094274859497544,83.57211101760933,no,yes,2.671651855821032,3,Always,no,1.0881317231407628,no,1,0,Sometimes,Walking,Obesity_Type_I
50,Male,1.8250201193350466,65.06428938444944,yes,yes,1.6643820662312092,1,Frequently,no,1.37055370066708,no,3,2,Sometimes,Public_Transportation,Normal_Weight
41,Male,1.8850634106478286,51.247223523051076,yes,yes,2.3872361149475907,4,no,no,2.082540221883356,yes,2,1,Frequently,Public_Transportation,Insufficient_Weight
28,Male,1.8735989390551462,59.42942193244096,no,yes,2.542245631703773,1,Frequently,no,2.291144362854856,no,1,2,Frequently,Public_Transportation,Insufficient_Weight
25,Male,1.6787325883283046,89.1807856272615,yes,yes,2.309301373731909,1,Frequently,no,1.0911703158973376,yes,0,1,no,Motorbike,Obesity_Type_I
53,Female,1.8006383114567908,73.64526999665934,yes,no,1.3031901496001987,4,Always,no,2.891941779691199,no,1,2,Frequently,Walking,Normal_Weight
55,Male,1.5922429329371195,115.4550861000218,no,yes,2.751766167034114,1,no,no,2.6843307533007623,yes,1,0,Sometimes,Walking,Obesity_Type_III
57,Female,1.631916478617456,81.6254395112535,no,yes,2.0781891054720174,1,Sometimes,yes,1.5932249643141863,yes,0,2,no,Public_Transportation,Obesity_Type_I
37,Female,1.9033511183345038,66.14071316994854,yes,yes,1.5649448527400074,3,no,no,1.154375060452936,yes,1,1,Sometimes,Public_Transportation,Insufficient_Weight
52,Male,1.5058508655798313,97.45732386134256,yes,yes,1.8504563708753878,4,Frequently,no,1.3397741464381145,yes,2,0,Always,Automobile,Obesity_Type_III
42,Male,1.5384788388845105,105.0760634352629,no,yes,1.0751421807978148,4,Frequently,no,1.2538888275099453,no,3,2,no,Automobile,Obesity_Type_III
52,Female,1.5935488148157122,59.19856217158074,yes,yes,1.2557336024448351,2,Frequently,no,1.2465675585978937,yes,0,1,Sometimes,Bike,Normal_Weight
42,Male,1.511939491743219,59.247633384507,yes,yes,2.5310935010317217,1,no,no,2.0371233773314676,no,3,0,Frequently,Bike,Overweight_Level_I
46,Male,1.5816459457904088,48.11707128935115,no,yes,1.0000232695107323,3,Always,no,1.4916948849868006,yes,2,2,Always,Walking,Normal_Weight
35,Female,1.7623687024363615,107.59417128057945,yes,yes,1.8331316569645844,1,Frequently,no,1.716279433058289,no,0,1,Sometimes,Walking,Obesity_Type_I
63,Female,1.689641047766624,101.42338484785344,no,yes,2.0450203621711767,1,Frequently,no,2.979010666768645,no,3,2,no,Motorbike,Obesity_Type_II
35,Male,1.9017022699846386,85.34362443873418,yes,yes,1.1092688400019446,2,no,no,2.3686284978506897,yes,3,2,Sometimes,Motorbike,Normal_Weight
19,Female,1.8678496027822984,116.75448816238176,no,yes,2.9461563259446657,1,Sometimes,no,2.8979613340940027,no,2,0,Always,Automobile,Obesity_Type_I
52,Male,1.6538178082640442,113.48196300075452,yes,yes,1.4522506624993439,3,Sometimes,no,1.2851131100662312,yes,3,0,no,Bike,Obesity_Type_III
33,Male,1.6167405450440815,94.75512097372393,yes,no,1.6083974392725617,3,Always,no,1.7642789496651385,no,2,1,Always,Automobile,Obesity_Type_II
58,Male,1.67086158367527,118.80305884362699,yes,yes,1.6078850245100547,2,Always,no,2.1094636065647085,no,1,0,Sometimes,Automobile,Obesity_Type_III
53,Female,1.7656327241316634,62.4965028531253,yes,yes,1.4608333242346998,1,Frequently,yes,1.153516123777476,no,2,1,Frequently,Bike,Normal_Weight
50,Female,1.6206286383702944,54.51316764880687,no,yes,1.0029476441726228,3,no,no,1.0083748872559157,no,1,2,Frequently,Motorbike,Normal_Weight
21,Female,1.7808670085321103,67.92871697894412,no,yes,2.458689588175993,1,Frequently,yes,2.340868667593835,no,0,2,Sometimes,Bike,Normal_Weight
50,Female,1.6842352434860581,49.85238276759176,yes,yes,2.9336909995985705,1,Always,no,2.2836390336028707,yes,3,1,Sometimes,Public_Transportation,Insufficient_Weight
31,Female,1.7484212313833911,90.14940988008772,yes,yes,1.4485869665700901,1,no,no,1.8215776199992235,yes,2,2,Sometimes,Public_Transportation,Overweight_Level_II
38,Male,1.6962569381108925,124.61148384507173,no,no,2.326094383606845,2,no,no,1.9792881520640653,no,2,0,no,Public_Transportation,Obesity_Type_III
37,Male,1.632509591793863,48.34420095682332,no,yes,2.48379265391743,1,Always,no,1.8308860011841792,no,3,2,Always,Walking,Insufficient_Weight
25,Male,1.9268039881329706,55.379342690852276,yes,yes,2.6968507581810495,3,Sometimes,no,1.0480100896897777,no,3,0,Always,Motorbike,Insufficient_Weight
24,Male,1.8436226073718922,83.436917404092,yes,yes,1.8452583940272183,1,Sometimes,no,1.6707432124349249,no,0,1,Always,Motorbike,Normal_Weight
20,Female,1.5630509290949037,124.37937648987192,yes,yes,1.6058618112808585,3,no,no,1.3541645107945797,no,0,1,Sometimes,Walking,Obesity_Type_III
34,Male,1.8908105891540608,71.8732689230238,no,yes,1.6505902680460622,1,Frequently,no,1.1968483782027375,no,2,2,Always,Automobile,Normal_Weight
50,Female,1.7193440392122812,88.11495873851337,yes,yes,2.4252426661970254,3,Sometimes,no,2.9134408677786996,no,0,2,Sometimes,Public_Transportation,Overweight_Level_II
29,Male,1.9025485021023412,48.53369301928333,no,no,2.633558933011272,3,Frequently,no,2.1987194500843312,no,1,0,no,Public_Transportation,Insufficient_Weight
39,Female,1.859934865176292,57.60917208177755,yes,yes,1.3632279355132053,1,Sometimes,no,2.4573125684732053,no,0,0,Frequently,Automobile,Insufficient_Weight
39,Female,1.691346077011155,128.863560451502,no,yes,1.7418820163155304,1,Sometimes,no,1.630727486532235,yes,0,2,Sometimes,Bike,Obesity_Type_III
63,Male,1.5101111887440528,127.03508919706387,yes,no,2.8038803934983,3,Frequently,yes,1.7862942589880304,yes,2,2,Sometimes,Bike,Obesity_Type_III
47,Male,1.6209048117232256,45.419898379424815,yes,yes,2.6133870393894787,4,Always,no,1.473847987793447,no,1,1,Frequently,Motorbike,Insufficient_Weight
55,Male,1.74373539659739,125.9040017609753,yes,no,2.9697168055249517,2,Sometimes,no,1.1939313419308495,yes,0,1,Frequently,Walking,Obesity_Type_III
55,Male,1.7850651989217663,99.32519471431753,no,yes,2.5084965193641615,4,Sometimes,no,1.3580632748831676,no,1,1,no,Motorbike,Obesity_Type_I
62,Female,1.616049458444941,118.77305503420187,yes,no,1.7863904020558445,4,Frequently,yes,2.5950280905929715,no,1,2,Always,Bike,Obesity_Type_III
25,Male,1.562710233332771,83.65288772887803,yes,yes,2.1812756679892757,1,Always,no,2.355091610367552,no,1,2,Sometimes,Automobile,Obesity_Type_I
44,Male,1.8757186065596847,88.82566242923627,yes,no,2.3220285084946406,2,Sometimes,yes,2.093857751970954,no,3,2,Always,Motorbike,Overweight_Level_I
44,Female,1.9429809813165984,86.55195932183821,yes,no,1.156911632634248,4,Sometimes,no,1.9501797457335361,no,3,1,Sometimes,Public_Transportation,Normal_Weight
51,Male,1.7365605820362087,101.68346189141887,no,yes,2.08899391820773,1,Always,no,2.8448685673122487,no,3,2,no,Public_Transportation,Obesity_Type_I
38,Male,1.5772556786317367,56.870356654286596,no,no,2.418641656945219,4,Sometimes,no,1.1454698955573368,no,3,0,Frequently,Automobile,Normal_Weight
47,Male,1.622538296933716,47.547755139177625,no,yes,1.3346426080021208,4,Always,no,1.561201626475832,no,2,2,no,Bike,Insufficient_Weight
50,Male,1.50827580444636,71.17404503525123,yes,yes,2.5612634348511145,1,Always,no,1.699875707141428,no,0,2,Frequently,Public_Transportation,Obesity_Type_I
45,Male,1.9114344629522244,104.89786483261497,no,yes,2.1675455610282235,1,Frequently,yes,2.5648516244255757,no,3,2,Always,Public_Transportation,Overweight_Level_II
64,Female,1.5529879873005634,62.157543430450616,yes,yes,2.9044435713951895,1,no,yes,2.985029240323943,no,2,2,Always,Walking,Overweight_Level_I
50,Male,1.7594324139814141,102.24175683261797,yes,yes,1.0848445964137834,2,Always,no,1.4813410295143061,no,0,2,no,Motorbike,Obesity_Type_I
22,Male,1.6233248493092427,127.44252391911799,yes,yes,1.530652275110934,4,Frequently,no,2.7486146682741612,no,3,0,Frequently,Bike,Obesity_Type_III
36,Male,1.749380101132107,52.98156084210056,yes,yes,2.203107758599648,1,no,no,2.6612455208635826,no,0,0,no,Motorbike,Insufficient_Weight
21,Male,1.793139174758339,102.17118004913573,no,no,1.5931198244118614,3,Sometimes,yes,1.4493147952835332,no,3,2,Frequently,Bike,Obesity_Type_I
52,Male,1.8733838116682406,82.71876864088856,no,no,2.428848328142484,4,no,no,1.7986651603984452,no,2,1,Frequently,Public_Transportation,Normal_Weight
34,Female,1.5928895722922713,118.79209162208795,no,yes,2.518010565043862,3,Always,yes,1.8193457385850382,no,1,2,Always,Walking,Obesity_Type_III
61,Male,1.5049481228963162,60.0577321030278,yes,yes,1.205031928132949,2,Always,yes,2.956441337053117,no,1,2,Always,Motorbike,Overweight_Level_I
45,Female,1.5615985335309632,103.873205939224,yes,yes,2.0277089284135354,1,Always,no,1.3617838027577966,no,0,2,Frequently,Public_Transportation,Obesity_Type_III
47,Female,1.9050083888316474,116.23979962008937,yes,yes,2.017781111182112,3,Always,no,2.598315942209564,no,2,1,Frequently,Bike,Obesity_Type_I
46,Male,1.8932505349031319,125.29220865529197,yes,yes,1.7385615404310821,2,Always,yes,1.6683854283462198,no,1,1,Frequently,Motorbike,Obesity_Type_I
63,Male,1.7688358959766388,103.0760824046199,yes,yes,2.865849725139344,1,Frequently,no,2.461740691552321,no,3,1,Always,Motorbike,Obesity_Type_I
23,Male,1.770232587195144,87.25985494071632,yes,yes,2.6550126397464426,3,Always,yes,1.8400220085913257,no,1,0,Always,Public_Transportation,Overweight_Level_II
52,Male,1.7992665035458149,97.51701541710318,yes,no,2.3944187638192735,3,Frequently,no,2.15671952623308,yes,0,1,Sometimes,Motorbike,Obesity_Type_I
58,Female,1.5789170753805524,118.85692368069105,yes,yes,2.428653271469995,2,Sometimes,no,2.6652235466522622,no,0,0,Frequently,Walking,Obesity_Type_III
54,Male,1.9114853756662318,93.50182846430053,no,yes,1.9234322876262382,1,Always,yes,2.6083311299677683,no,2,0,Sometimes,Walking,Overweight_Level_I
41,Male,1.6884467362014328,47.582900074231134,no,yes,2.841989042193152,1,Always,no,2.7328463670794,no,0,1,Frequently,Public_Transportation,Insufficient_Weight
46,Male,1.672412337712274,124.13063911809311,no,yes,2.3891908545065705,3,no,no,1.119234650689318,no,1,1,Always,Bike,Obesity_Type_III
63,Male,1.733512967377277,103.6097738376827,no,yes,2.457962123311633,3,Sometimes,no,2.3841011060794894,no,1,1,Sometimes,Public_Transportation,Obesity_Type_I
48,Male,1.5211346850487748,102.50363779106596,yes,yes,2.7233818075746905,3,Always,no,1.2799747534435257,no,1,0,Sometimes,Walking,Obesity_Type_III
52,Male,1.5748275159402356,63.33238795380596,no,yes,1.548143178684382,1,Always,yes,1.831637136036822,yes,1,2,no,Automobile,Overweight_Level_I
50,Female,1.8321151273918668,101.00526496977587,no,yes,2.614141807733406,2,Sometimes,yes,2.097176830109377,no,2,1,Frequently,Automobile,Obesity_Type_I
38,Female,1.537259400566307,78.47847448060347,yes,no,1.390481205912984,2,Frequently,no,1.8054789694936615,no,3,1,Always,Motorbike,Obesity_Type_I
49,Male,1.7714184492598748,100.35480304852683,yes,no,1.6906839044897757,1,Always,no,2.039223351606015,yes,3,1,no,Motorbike,Obesity_Type_I
40,Male,1.6104070993565944,54.06040757617921,no,yes,1.6712209085396854,4,no,yes,2.9930526175972383,yes,2,0,no,Automobile,Normal_Weight
50,Male,1.6751830263188894,100.91685089125806,yes,yes,2.9570509367782813,2,Always,no,1.2704346274257095,no,0,0,Frequently,Walking,Obesity_Type_II
20,Female,1.629912181546815,129.95016669050665,yes,yes,2.7130744474958535,3,no,yes,2.350912090672851,no,3,2,no,Motorbike,Obesity_Type_III
35,Male,1.6600527224092272,49.098023303147265,yes,yes,2.4023397231805195,4,no,no,1.7920019327712304,yes,0,1,Frequently,Public_Transportation,Insufficient_Weight
42,Female,1.8235706573329105,128.05980565881197,yes,yes,2.45411352323078,4,Always,no,1.2660195978146576,no,3,0,no,Public_Transportation,Obesity_Type_II
59,Male,1.6337047720304287,79.587176661444,yes,yes,2.124145588805142,2,Always,yes,1.317473526748619,no,0,2,Frequently,Walking,Overweight_Level_II
48,Male,1.7548820881336038,119.01404327866703,yes,yes,2.894181334217038,4,no,no,2.898546212491234,no,2,1,Always,Motorbike,Obesity_Type_II
20,Male,1.7142226809895948,111.50276614495324,yes,yes,1.992517505764723,4,Sometimes,no,2.759202993423524,no,1,0,Frequently,Public_Transportation,Obesity_Type_II
57,Male,1.7986520244131916,93.19638218386676,yes,yes,1.761035419739789,2,Sometimes,no,2.8140839208300434,no,0,1,Frequently,Motorbike,Overweight_Level_II
63,Female,1.921573382696141,107.76818278636276,no,no,1.326070673863182,2,Always,no,2.9830655516547733,no,1,1,Sometimes,Motorbike,Overweight_Level_II
41,Female,1.8296574437446127,119.67382271061457,yes,no,2.5724113045221157,4,Frequently,no,1.416630780017036,no,0,0,Always,Public_Transportation,Obesity_Type_II
49,Male,1.5967231703658404,79.3519273403378,yes,no,2.468887864151183,3,Sometimes,no,1.7108786747281235,no,0,0,Always,Automobile,Obesity_Type_I
64,Male,1.514032410777578,72.79781873287529,yes,yes,1.7687100770482698,1,Always,no,2.338438059849733,yes,0,0,Always,Public_Transportation,Obesity_Type_I
39,Female,1.6180188199349212,101.7454377729047,no,no,1.0503868279184587,4,Sometimes,no,1.9676050797212945,no,0,1,no,Walking,Obesity_Type_II
40,Female,1.7677850688151147,113.66690506500699,yes,yes,2.6779946554360214,4,Frequently,no,1.836779066756667,yes,0,1,Sometimes,Bike,Obesity_Type_II
19,Female,1.5231416160679128,109.79423645601234,yes,no,1.0228359669081473,3,Always,no,1.715622498671186,yes,1,2,Always,Public_Transportation,Obesity_Type_III
44,Female,1.7233648112405564,112.81416015298393,no,yes,2.407399559258102,4,Frequently,yes,2.1875612638869044,yes,0,1,no,Motorbike,Obesity_Type_II
59,Male,1.7685792820126,82.0245817590993,no,no,2.940514219452114,4,Always,no,2.1511868572801642,yes,1,0,no,Motorbike,Overweight_Level_I
19,Female,1.6504097508676323,114.51590837487684,yes,yes,1.875322656296407,1,Frequently,no,1.3229156681284802,no,2,1,no,Public_Transportation,Obesity_Type_III
43,Male,1.8469104916856198,55.21776970650172,no,no,1.4699468099919055,1,Sometimes,no,1.9434796750368781,yes,3,2,Sometimes,Bike,Insufficient_Weight
34,Female,1.5479692139101973,91.2815733266722,yes,no,2.4097420200867634,1,Sometimes,no,2.1069435524196996,no,0,2,no,Public_Transportation,Obesity_Type_II
57,Female,1.5338120017811139,45.48948614234033,yes,yes,2.6342562840311703,2,Frequently,no,2.140573877462781,no,3,0,Sometimes,Bike,Normal_Weight
50,Female,1.8276849402916215,72.58979554152297,yes,yes,2.092860632155695,2,Frequently,no,1.4202143858247036,no,1,0,Frequently,Bike,Normal_Weight
26,Female,1.7229710922927892,76.14923046406882,yes,no,2.9340705505122924,1,Frequently,no,2.4845427845045736,yes,2,2,no,Walking,Overweight_Level_I
60,Female,1.8097810783924813,78.6746787867867,no,yes,1.1033374433159222,1,Always,yes,1.0503981896421393,no,2,2,Always,Motorbike,Normal_Weight
56,Male,1.6956723023716858,104.11471256863828,yes,no,2.0095911966090565,2,Sometimes,no,1.7096637110863253,no,2,2,no,Motorbike,Obesity_Type_II
46,Male,1.610880914957598,78.02743860797938,yes,yes,2.4369078946451,3,Always,no,2.560425297071267,no,3,0,Frequently,Bike,Obesity_Type_I
59,Female,1.8685960429533899,83.1389579229151,no,yes,2.725280942298358,4,Sometimes,no,2.1277858421108045,no,1,2,Frequently,Motorbike,Normal_Weight
43,Female,1.8597371455360405,65.19125112431783,no,yes,1.35851122381558,4,no,yes,1.5223248650217205,no,0,2,no,Automobile,Normal_Weight
52,Male,1.812613411884492,76.72640228849392,yes,yes,2.600006963527363,1,Always,no,2.3899062386860956,no,0,0,Frequently,Bike,Normal_Weight
42,Female,1.6224653117534833,64.31791831736788,no,no,2.1054141514370905,3,Sometimes,no,2.1347818883121468,no,1,1,Sometimes,Motorbike,Normal_Weight
41,Female,1.7656038000910892,51.22165352031771,yes,yes,1.7931073639799264,2,Sometimes,yes,2.5924872189127743,no,3,1,Sometimes,Automobile,Insufficient_Weight
30,Male,1.662438253623012,96.29313043741712,no,yes,1.2634300571581871,1,Always,no,2.4700503723796468,yes,0,2,no,Walking,Obesity_Type_I
24,Female,1.5412119329969853,101.79808787717639,no,yes,2.7305915178178246,3,Always,no,2.2202158440724693,no,1,1,Sometimes,Motorbike,Obesity_Type_III
53,Female,1.9127911089580092,97.65667941081723,no,yes,1.3145464163594307,3,Sometimes,no,1.976355350621628,yes,0,1,Sometimes,Automobile,Overweight_Level_I
62,Male,1.5615683839135326,84.39699372304865,yes,no,1.6195757184181985,3,Always,no,1.2663642513350468,no,2,1,Always,Public_Transportation,Obesity_Type_I
37,Male,1.927606809219361,77.28179131523453,yes,no,1.5800910639248738,2,Frequently,no,1.5226660357707675,no,0,1,no,Public_Transportation,Normal_Weight
18,Male,1.7007025978310801,118.38336021360514,yes,yes,2.7428280683817086,2,Always,yes,1.8381989458341705,no,3,2,Frequently,Automobile,Obesity_Type_III
25,Female,1.5833098179773788,89.12195173657854,yes,no,2.345405988417796,4,Always,no,2.1985985740127774,no,1,1,no,Bike,Obesity_Type_II
63,Male,1.7438554263202612,85.73045959852713,yes,no,2.5933627943827444,4,Always,no,2.02741571043061,no,3,1,Sometimes,Bike,Overweight_Level_II
33,Male,1.8928256261443837,47.179575593547035,no,yes,1.500935797584998,3,Sometimes,no,1.576369051919059,no,1,0,Always,Motorbike,Insufficient_Weight
31,Male,1.8295011988843024,74.00606534822329,yes,no,2.2497481992139976,3,Frequently,yes,1.012928715579421,no,2,2,no,Public_Transportation,Normal_Weight
29,Male,1.8629525165376524,77.31662759679784,yes,yes,2.143491966287497,2,no,yes,1.9924784438016279,no,1,0,no,Bike,Normal_Weight
40,Male,1.7964525150198227,78.89993637623654,no,yes,2.6656607535765424,4,no,no,1.5712519771244862,yes,0,0,Sometimes,Bike,Normal_Weight
32,Male,1.8115244540330335,94.31465138432324,yes,no,2.812174120962521,3,Frequently,no,2.46921660142107,no,0,2,Sometimes,Public_Transportation,Overweight_Level_II
45,Female,1.8821380432043937,90.35621647178468,no,yes,1.0243135429547736,4,Frequently,no,1.047892530540967,no,2,1,no,Walking,Overweight_Level_I
51,Female,1.6123506039866338,96.6719328874428,yes,no,2.348039838117585,4,Frequently,no,2.1696556226115815,yes,1,0,Sometimes,Bike,Obesity_Type_II
19,Male,1.7202412336394133,110.01507723108091,yes,no,1.103671598239458,3,Sometimes,yes,2.882948475012131,no,2,2,Sometimes,Automobile,Obesity_Type_II
49,Male,1.599544248818821,114.10378779086794,yes,yes,2.097717330154712,2,no,yes,1.348818534222999,yes,0,1,Sometimes,Motorbike,Obesity_Type_III
40,Male,1.944450603598491,106.04046147925203,yes,no,1.5752654580873564,3,Frequently,no,1.9432989815011907,no,3,2,Sometimes,Bike,Overweight_Level_II
39,Female,1.9248267028589758,126.21951415616945,no,yes,1.6135531990442824,3,Sometimes,no,1.1828439836342763,no,2,0,Sometimes,Bike,Obesity_Type_I
42,Female,1.5177420651158275,46.54976952749074,yes,yes,1.7059170069047132,4,no,yes,2.2513638245227052,no,3,1,Always,Walking,Normal_Weight
39,Female,1.81750882763206,61.64112878310142,yes,yes,2.2425848980992202,3,Always,no,2.101063361192451,yes,3,1,Sometimes,Automobile,Normal_Weight
39,Female,1.9163617428370496,45.64284437314208,yes,no,1.6680999313375384,2,Sometimes,no,1.8147310484256647,yes,1,2,Frequently,Motorbike,Insufficient_Weight
59,Female,1.5812589053073,100.03535070314126,yes,yes,2.465398101180561,3,no,no,2.0427540429474824,yes,2,1,no,Bike,Obesity_Type_III
23,Female,1.7555753537486831,121.33259666074889,no,yes,1.8090547711477394,2,Sometimes,no,2.7931493169380204,no,3,0,Always,Motorbike,Obesity_Type_II
32,Female,1.9119697339146189,65.69599520898544,yes,yes,1.1367064006199172,2,no,no,1.392588604622134,no,3,0,Always,Public_Transportation,Insufficient_Weight
60,Female,1.5152756903636095,123.79793630768606,no,no,2.5675196849682145,4,no,no,1.0451290234106945,no,1,0,Sometimes,Bike,Obesity_Type_III
54,Female,1.813839120261078,50.122728174612675,no,yes,1.571516649185412,1,Always,no,2.7233297693982017,no,1,2,no,Bike,Insufficient_Weight
50,Male,1.6338070533176479,124.42706227846871,yes,yes,1.8655337591985253,1,Sometimes,no,2.154234164775813,no,0,1,Frequently,Public_Transportation,Obesity_Type_III
25,Male,1.9159782879194387,74.88792841536892,no,yes,2.3708877664438033,4,Frequently,no,2.781316910923685,no,3,1,Sometimes,Walking,Normal_Weight
61,Male,1.9369762103244155,53.620770418183405,yes,yes,1.664912314297424,3,Always,no,2.1938904468263454,no,0,1,no,Bike,Insufficient_Weight
61,Male,1.9249199201010452,86.29909953083768,yes,no,1.1131713122934312,4,Always,no,2.620322179919405,no,3,0,Sometimes,Motorbike,Normal_Weight
22,Female,1.7133963974958586,66.82600825624317,yes,yes,1.7478420940256272,2,no,no,1.8593467267102959,no,0,1,Sometimes,Automobile,Normal_Weight
56,Female,1.887919192945191,69.21419666676344,no,yes,2.888897165388607,1,Frequently,no,2.4997198625765376,yes,1,0,Sometimes,Motorbike,Normal_Weight
21,Male,1.8800472293407817,71.11964701873436,no,no,2.283468794597116,4,Sometimes,yes,2.8260829337797118,yes,2,1,Sometimes,Walking,Normal_Weight
23,Female,1.643595212959465,113.25720131577638,yes,yes,2.342958297334414,3,Frequently,no,2.1442459274444126,no,1,0,Sometimes,Automobile,Obesity_Type_III
62,Male,1.8730119633678048,90.82870851739663,no,no,2.26456430727528,4,Frequently,no,1.361570301124759,yes,0,1,Sometimes,Motorbike,Overweight_Level_I
49,Female,1.5166534356219716,71.46115442826031,yes,yes,1.3979842779188736,1,Frequently,no,1.5375952300603963,no,0,2,Sometimes,Motorbike,Obesity_Type_I
47,Male,1.7683214453169238,96.87837158142807,yes,no,1.8366677282045603,4,Frequently,no,1.3972891537948116,no,2,2,Frequently,Public_Transportation,Obesity_Type_I
64,Female,1.6035039767794663,105.87280730897146,yes,yes,2.5018795967266367,4,Frequently,yes,1.4937140551914658,no,3,0,Always,Walking,Obesity_Type_III
52,Female,1.5542550985997754,68.17304006235037,no,yes,1.2027457951063183,1,no,no,1.6128308987020727,no,0,0,Frequently,Public_Transportation,Overweight_Level_II
57,Male,1.5346289407331442,80.15167362965488,no,no,1.5557055521794245,2,no,yes,2.110267573506377,yes,0,1,Sometimes,Automobile,Obesity_Type_I
33,Female,1.8133299491451629,55.360317933640545,yes,no,1.5526382169317072,2,Always,no,2.1759832589276655,no,0,1,Sometimes,Public_Transportation,Insufficient_Weight
30,Male,1.6529437336956296,60.39769471044782,yes,no,1.864037855189012,1,no,no,1.8529994944837223,no,2,2,Frequently,Walking,Normal_Weight
59,Male,1.8261450471879426,102.89501758702355,yes,yes,2.96073748188437,4,Always,no,2.2308415596416706,no,1,1,Frequently,Bike,Obesity_Type_I
47,Male,1.529410353359524,60.42225955412829,yes,no,1.1350050933676439,1,Always,no,1.1631498512227318,no,0,0,Always,Bike,Overweight_Level_I
36,Male,1.6418806520237745,89.63888761170011,yes,no,2.0374019887611903,2,Sometimes,no,1.17557647411632,no,2,0,Frequently,Automobile,Obesity_Type_I
34,Female,1.7427710815689017,105.26893224640678,no,yes,1.358729364024421,3,Frequently,no,1.343658920715317,no,0,0,Always,Bike,Obesity_Type_I
36,Female,1.8558254241775336,54.08453846305323,yes,no,2.9413530908194883,4,no,no,2.0361549960806897,no,3,0,Sometimes,Public_Transportation,Insufficient_Weight
45,Female,1.6434386263194314,93.2215386684568,yes,no,1.2266070094549284,2,Sometimes,no,1.4279893573966271,yes,2,0,no,Automobile,Obesity_Type_I
43,Male,1.781651119396654,66.80783661461592,yes,yes,1.8072020047231825,4,no,no,1.5665688069851547,no,0,2,no,Walking,Normal_Weight
54,Female,1.8986899867062843,126.84878439519429,no,yes,2.475769969669212,1,Always,no,1.8006256723459881,no,2,2,no,Automobile,Obesity_Type_II
43,Male,1.777138434682037,86.10137997119361,no,yes,2.409108856054891,3,no,no,2.62373224802076,no,0,0,no,Automobile,Overweight_Level_II
40,Female,1.6048317636391352,113.50936673088844,yes,yes,1.8454572737878645,1,Frequently,no,1.0277242718257202,no,1,1,Sometimes,Motorbike,Obesity_Type_III
26,Female,1.510980351700442,91.76925608328224,no,yes,1.6930483359054365,3,Always,no,2.298757640473245,no,0,0,no,Motorbike,Obesity_Type_III
29,Female,1.8915444932554184,48.690065292659625,yes,yes,1.7952247571057411,4,Always,no,2.3377530620813705,no,2,2,Frequently,Automobile,Insufficient_Weight
18,Male,1.5095712348826742,98.8178669254919,yes,yes,1.5285525263172786,4,Sometimes,no,2.597311560713273,no,3,0,Frequently,Bike,Obesity_Type_III
18,Female,1.8936157527078896,125.86928408756584,yes,yes,1.4106658774135996,1,Frequently,no,2.8655058781206266,yes,3,2,no,Motorbike,Obesity_Type_II
64,Female,1.7380217103122453,96.13700471243814,yes,yes,1.96607939511778,3,Always,no,1.0402756978985797,no,3,2,Frequently,Walking,Obesity_Type_I
51,Male,1.9225804643308033,114.63105305127716,yes,no,1.5370675121352146,3,Frequently,no,1.3075674110264324,yes,0,0,Always,Public_Transportation,Obesity_Type_I
49,Female,1.8594524560981494,120.15754938461467,no,no,1.5749233297945002,4,no,no,2.772342588111986,yes,1,0,Sometimes,Motorbike,Obesity_Type_I
42,Male,1.9490703497400017,64.38678061565926,no,yes,2.313512126949114,1,Frequently,no,1.9170371243740307,no,0,1,no,Automobile,Insufficient_Weight
57,Female,1.6578203169532695,63.02381139219926,no,no,2.9370746633997844,3,Always,yes,2.129181277866927,no,3,2,no,Bike,Normal_Weight
62,Male,1.845234730019007,96.9333840523343,yes,yes,2.20727440111875,4,Sometimes,no,2.3260544074462945,no,2,1,Sometimes,Public_Transportation,Overweight_Level_II
18,Male,1.680868911124159,79.9374199335699,yes,yes,1.1539589341299326,2,Always,yes,2.3581332089912745,yes,3,0,Frequently,Motorbike,Overweight_Level_II
33,Female,1.715944029136759,116.38821074367122,no,yes,1.151167227708134,1,Frequently,no,2.8634808066330164,no,2,2,Sometimes,Bike,Obesity_Type_II
56,Male,1.7823774584482666,121.50196548883095,yes,yes,2.902846441691132,2,Frequently,no,2.993898834823339,no,1,1,Sometimes,Bike,Obesity_Type_II
22,Male,1.8931547013838523,75.04081724073103,yes,no,1.5945815806146673,1,Always,no,2.4403149218618805,no,2,1,Frequently,Bike,Normal_Weight
39,Male,1.9428375611396826,65.13399751283097,yes,no,1.1841339721649509,4,Frequently,no,1.5744424184103016,no,0,1,Sometimes,Automobile,Insufficient_Weight
46,Male,1.845723036239033,111.34466879572825,no,yes,2.198089174300763,3,no,no,2.759504804588687,no,0,0,Frequently,Walking,Obesity_Type_I
20,Male,1.6879950519753002,68.35851302159156,yes,yes,2.2472975565805324,3,Always,no,1.0984418290815232,no,0,0,Frequently,Bike,Normal_Weight
29,Male,1.6896106510246816,114.92221707366267,yes,yes,2.297009640237376,3,Sometimes,no,1.4621617057489924,no,2,0,Sometimes,Public_Transportation,Obesity_Type_III
43,Female,1.8319120357150012,81.01775156014483,no,yes,1.5348040557150826,1,Always,yes,2.79477143492743,yes,0,2,Always,Motorbike,Normal_Weight
33,Male,1.6074497155957361,101.74174143977498,yes,yes,1.03022136842895,4,no,yes,1.51238302887871,no,0,0,Frequently,Public_Transportation,Obesity_Type_II
54,Male,1.5497133509091277,53.1205016759468,yes,yes,2.9300307389089437,2,no,no,1.441302119243497,no,0,2,Sometimes,Automobile,Normal_Weight
39,Female,1.6595799709383494,98.02804259750872,yes,no,1.501786091382205,4,no,no,1.2762505862804945,no,1,1,Frequently,Automobile,Obesity_Type_II
46,Female,1.6292575462443368,83.40025269266448,yes,no,2.3520525761050948,2,no,no,2.718223515293833,yes,2,1,Always,Public_Transportation,Obesity_Type_I
31,Female,1.6333386542051955,94.8617193699153,no,yes,2.413259739757419,1,no,no,2.0001165183821734,no,2,0,Always,Walking,Obesity_Type_II
45,Female,1.6051234879724594,59.28120765831339,yes,no,2.220014834158971,1,Sometimes,no,2.3497864061083096,no,3,1,no,Automobile,Normal_Weight
22,Female,1.518941935336363,107.63426832025547,yes,yes,1.6258147884272964,2,Frequently,no,1.4781327681500593,no,2,0,Frequently,Automobile,Obesity_Type_III
64,Female,1.5080432706300362,118.33775159117442,no,yes,1.5421925075281315,2,no,no,2.5160808420224328,yes,1,2,Frequently,Public_Transportation,Obesity_Type_III
47,Female,1.9444750753812141,63.42288300771593,no,yes,2.1953365654054062,2,no,no,2.520011089924197,no,2,1,Sometimes,Automobile,Insufficient_Weight
63,Male,1.692497910181138,53.135737219213745,no,yes,2.7321912672233832,4,Always,no,1.6251960498166003,no,1,0,Frequently,Walking,Normal_Weight
22,Male,1.6729469912218566,47.00927981393859,yes,no,2.893467457846791,2,Sometimes,no,1.8213652660205657,no,1,1,no,Walking,Insufficient_Weight
29,Female,1.8058412772118815,99.56757753767761,yes,yes,1.2118116088075153,1,Sometimes,no,1.4193805548604017,yes,2,1,Always,Walking,Obesity_Type_I
33,Male,1.5982142495392788,96.60299306754636,no,yes,1.3096572251954397,1,Frequently,no,2.9531220466458086,no,3,0,Always,Motorbike,Obesity_Type_II
43,Male,1.9274825327776013,91.46928008069595,no,yes,2.8894725175661593,3,Sometimes,no,2.291205154116823,no,0,1,no,Walking,Normal_Weight
43,Male,1.8538552564869983,64.71550316985791,yes,yes,2.473070456669585,2,Always,no,2.869087761431031,yes,0,1,Frequently,Walking,Normal_Weight
38,Female,1.5402349510405169,78.22700965196876,yes,no,2.765987649659546,4,Always,no,1.6067710872582663,yes,2,1,Frequently,Motorbike,Obesity_Type_I
56,Female,1.6879113491032178,95.53048849082471,yes,yes,1.4052652682706863,4,Frequently,no,2.5637818259937797,no,2,1,no,Bike,Obesity_Type_I
53,Male,1.8956032384029742,87.2251830030294,no,yes,2.1751717422188035,4,Always,no,2.5317172877694842,yes,1,2,Sometimes,Automobile,Normal_Weight
50,Female,1.9251294100311345,128.96176921826543,yes,yes,2.4022791888349473,3,no,no,2.383311303733083,yes,2,1,Always,Walking,Obesity_Type_I
47,Male,1.7103306800624414,56.597378967322314,yes,yes,2.3602237708939455,1,no,yes,2.931277950533601,no,1,1,no,Automobile,Normal_Weight
54,Male,1.7760351251448183,104.08728709404548,yes,yes,1.8163033817333962,4,Always,yes,1.787110672212631,no,3,0,no,Public_Transportation,Obesity_Type_I
40,Male,1.5751652757414338,79.36709528886483,no,yes,1.030789783382617,1,Frequently,no,1.2614346471795146,yes,2,2,Frequently,Automobile,Obesity_Type_I
27,Male,1.9460258817616394,81.39696726867726,no,yes,2.1658521136085263,3,Sometimes,no,2.3434177184881215,no,0,0,Always,Motorbike,Normal_Weight
22,Female,1.6042522656225495,105.99581008094498,yes,no,1.5062030783592175,2,Frequently,yes,2.458619600954412,yes,0,0,Frequently,Automobile,Obesity_Type_III
53,Female,1.9242292983608065,103.85707286257141,no,no,1.9005084922857807,2,Sometimes,no,2.1501211469176296,yes,2,0,no,Automobile,Overweight_Level_II
51,Female,1.7923409920465658,129.256759464686,no,no,2.9151620301676346,2,Always,no,1.4136357862667925,yes,1,2,Sometimes,Automobile,Obesity_Type_III
48,Male,1.7734815576954865,55.913514603600646,yes,yes,1.7980706352848694,4,Always,no,2.008911883338711,no,0,0,Always,Bike,Insufficient_Weight
27,Female,1.7307098299574288,53.84932019765414,yes,yes,2.6796032133288534,2,no,no,1.6243794731382588,yes,1,0,no,Bike,Insufficient_Weight
36,Male,1.6038014152729914,106.56879945594301,yes,yes,1.3770812114985023,4,Sometimes,no,1.8549330563333781,yes,2,0,no,Public_Transportation,Obesity_Type_III
49,Female,1.5794376144024787,94.16288794554478,no,no,2.3449209960500577,3,Frequently,no,2.2904371516893276,no,2,1,Sometimes,Motorbike,Obesity_Type_II
18,Male,1.599218794081579,68.3036566575835,yes,yes,2.954013908877887,3,Always,yes,2.490429485381669,no,0,0,no,Automobile,Overweight_Level_I
22,Male,1.5838972179649145,51.75064636406386,no,yes,1.2037862017458736,4,Frequently,yes,1.4644493818026862,yes,2,2,no,Automobile,Normal_Weight
62,Male,1.8508130131050389,52.2809512156966,no,yes,1.016639884454384,1,no,no,1.8106507212939067,no,3,2,Always,Automobile,Insufficient_Weight
21,Female,1.6575563666250286,121.00622434645005,yes,yes,1.8671655852652287,2,Sometimes,yes,1.5383231419832584,yes,3,1,Always,Automobile,Obesity_Type_III
33,Female,1.5260292044535284,61.30872260109315,no,yes,1.1852509661027344,2,Sometimes,no,1.3972632277237382,no,0,2,Always,Bike,Overweight_Level_I
41,Female,1.936096183563365,72.48658277981926,yes,yes,2.4967686993524625,2,Always,no,2.5667744399916765,no,3,2,Frequently,Public_Transportation,Normal_Weight
33,Female,1.8977036482335414,64.26579418929398,yes,no,2.829097327697118,4,Sometimes,no,2.8185053888739846,no,1,1,Sometimes,Walking,Insufficient_Weight
19,Male,1.917488527437846,75.17468599571467,no,yes,1.8680419454175177,3,Always,yes,1.7404643713691534,no,0,0,Always,Motorbike,Normal_Weight
45,Female,1.947708520190896,50.901026633417935,no,yes,1.517423284310882,2,no,no,2.502557848747534,no,0,1,Frequently,Automobile,Insufficient_Weight
49,Female,1.5782528621487693,89.12008222720297,yes,yes,1.8688066380132196,3,Sometimes,no,2.793990578728822,yes,1,0,Frequently,Public_Transportation,Obesity_Type_II
44,Male,1.6783089085061964,50.74706790533827,no,yes,2.446895635700002,2,Always,no,2.692248421060463,no,3,0,Sometimes,Walking,Insufficient_Weight
37,Male,1.841207314066841,113.03030316490073,no,yes,1.018108323160742,2,Frequently,yes,1.3656267770784518,yes,3,2,Sometimes,Public_Transportation,Obesity_Type_I
41,Male,1.8132092781242064,64.86552696238681,yes,no,2.178907978969394,4,Always,no,2.9125837630267224,no,3,1,no,Bike,Normal_Weight
29,Female,1.5692531578529347,90.9010127413834,no,yes,2.226583369774758,1,Sometimes,no,1.753352880858925,no,0,2,Frequently,Walking,Obesity_Type_II
52,Male,1.867124906245778,119.80672244272395,yes,no,2.275376493791871,4,no,no,1.6784813223476727,no,0,2,Always,Public_Transportation,Obesity_Type_I
50,Male,1.6009982573264974,100.32457636901151,yes,yes,1.4840441599617544,2,Sometimes,no,1.1248626545555607,no,3,0,Sometimes,Bike,Obesity_Type_II
